<?xml version="1.0" encoding="UTF-8"?>
<GenRun Id="mr_bram_synth_1" LaunchPart="xc7a200tfbg676-2" LaunchTime="1725255222">
  <File Type="PA-TCL" Name="mr_bram.tcl"/>
  <File Type="REPORTS-TCL" Name="mr_bram_reports.tcl"/>
  <File Type="RDS-RDS" Name="mr_bram.vds"/>
  <File Type="RDS-UTIL" Name="mr_bram_utilization_synth.rpt"/>
  <File Type="RDS-UTIL-PB" Name="mr_bram_utilization_synth.pb"/>
  <File Type="RDS-DCP" Name="mr_bram.dcp"/>
  <FileSet Name="sources" Type="BlockSrcs" RelSrcDir="$PSRCDIR/mr_bram" RelGenDir="$PGENDIR/mr_bram">
    <File Path="$PSRCDIR/sources_1/ip/mr_bram/mr_bram.xci">
      <FileInfo>
        <Attr Name="UsedIn" Val="synthesis"/>
        <Attr Name="UsedIn" Val="implementation"/>
        <Attr Name="UsedIn" Val="simulation"/>
      </FileInfo>
    </File>
    <Config>
      <Option Name="TopModule" Val="mr_bram"/>
      <Option Name="UseBlackboxStub" Val="1"/>
    </Config>
  </FileSet>
  <FileSet Name="constrs_in" Type="BlockSrcs" RelSrcDir="$PSRCDIR/mr_bram" RelGenDir="$PGENDIR/mr_bram">
    <File Path="$PSRCDIR/sources_1/ip/mr_bram/mr_bram.xci">
      <FileInfo>
        <Attr Name="UsedIn" Val="synthesis"/>
        <Attr Name="UsedIn" Val="implementation"/>
        <Attr Name="UsedIn" Val="simulation"/>
      </FileInfo>
    </File>
    <Config>
      <Option Name="TopModule" Val="mr_bram"/>
      <Option Name="UseBlackboxStub" Val="1"/>
    </Config>
  </FileSet>
  <FileSet Name="utils" Type="Utils" RelSrcDir="$PSRCDIR/utils_1" RelGenDir="$PGENDIR/utils_1">
    <Filter Type="Utils"/>
    <Config>
      <Option Name="TopAutoSet" Val="TRUE"/>
    </Config>
  </FileSet>
  <Strategy Version="1" Minor="2">
    <StratHandle Name="Vivado Synthesis Defaults" Flow="Vivado Synthesis 2019"/>
    <Step Id="synth_design"/>
  </Strategy>
</GenRun>
