<?xml version="1.0" encoding="UTF-8"?>
<GenRun Id="lcd_controller_0_synth_1" LaunchPart="xc7a200tfbg676-2" LaunchTime="1725255221">
  <File Type="PA-TCL" Name="lcd_controller_0.tcl"/>
  <File Type="REPORTS-TCL" Name="lcd_controller_0_reports.tcl"/>
  <File Type="RDS-RDS" Name="lcd_controller_0.vds"/>
  <File Type="RDS-UTIL" Name="lcd_controller_0_utilization_synth.rpt"/>
  <File Type="RDS-UTIL-PB" Name="lcd_controller_0_utilization_synth.pb"/>
  <File Type="RDS-DCP" Name="lcd_controller_0.dcp"/>
  <FileSet Name="sources" Type="BlockSrcs" RelSrcDir="$PSRCDIR/lcd_controller_0" RelGenDir="$PGENDIR/lcd_controller_0">
    <File Path="$PSRCDIR/sources_1/ip/lcd_controller_0/lcd_controller_0.xci">
      <FileInfo>
        <Attr Name="UsedIn" Val="synthesis"/>
        <Attr Name="UsedIn" Val="implementation"/>
        <Attr Name="UsedIn" Val="simulation"/>
      </FileInfo>
    </File>
    <Config>
      <Option Name="TopModule" Val="lcd_controller_0"/>
      <Option Name="UseBlackboxStub" Val="1"/>
    </Config>
  </FileSet>
  <FileSet Name="constrs_in" Type="BlockSrcs" RelSrcDir="$PSRCDIR/lcd_controller_0" RelGenDir="$PGENDIR/lcd_controller_0">
    <File Path="$PSRCDIR/sources_1/ip/lcd_controller_0/lcd_controller_0.xci">
      <FileInfo>
        <Attr Name="UsedIn" Val="synthesis"/>
        <Attr Name="UsedIn" Val="implementation"/>
        <Attr Name="UsedIn" Val="simulation"/>
      </FileInfo>
    </File>
    <Config>
      <Option Name="TopModule" Val="lcd_controller_0"/>
      <Option Name="UseBlackboxStub" Val="1"/>
    </Config>
  </FileSet>
  <FileSet Name="utils" Type="Utils" RelSrcDir="$PSRCDIR/utils_1" RelGenDir="$PGENDIR/utils_1">
    <Filter Type="Utils"/>
    <Config>
      <Option Name="TopAutoSet" Val="TRUE"/>
    </Config>
  </FileSet>
  <Strategy Version="1" Minor="2">
    <StratHandle Name="Vivado Synthesis Defaults" Flow="Vivado Synthesis 2019"/>
    <Step Id="synth_design"/>
  </Strategy>
</GenRun>
